"","pred","response"
"359",0.179615246923947,0
"360",0.566969046289321,0
"361",0.738862927992466,0
"362",0.190865767618828,1
"363",0.185285943187932,1
"364",0.307087934632169,1
"365",0.474211881415429,1
"366",0.395011158739586,0
"367",0.713508270991615,0
"368",0.296010862551452,1
"369",0.115040126976508,1
"370",0.340788835513186,1
"371",0.264512627580154,0
"372",0.21162357165794,1
"373",0.664227424724406,0
"374",0.390297414606978,1
"375",0.539088770832856,0
"376",0.558246404089115,0
"377",0.541096003382838,1
"378",0.611326433182999,0
"379",0.377474391594851,0
"380",0.461128289957749,1
"381",0.449887378108849,1
"382",0.295312253378548,1
"383",0.57022669640748,1
"384",0.605138887769897,1
"385",0.467365597887002,1
"386",0.805142833526927,1
"387",0.197406632682852,0
"388",0.543306870646863,1
"389",0.353545562705367,0
"390",0.463981066662547,0
"391",0.233307393770315,0
"392",0.562459882973836,0
"393",0.335714979350221,0
"394",0.622249875256118,0
"395",0.168519414667445,0
"396",0.417371513487178,0
"397",0.439084765793648,1
"398",0.611078036759665,1
"399",0.229905504790379,1
"400",0.243861829090209,0
"401",0.420478404878662,0
"402",0.245535544855948,1
"403",0.675105923141789,0
"404",0.583325486526713,0
"405",0.804510640635558,0
"406",0.623825781110353,0
"407",0.530033002337044,1
"408",0.411886222203138,0
"409",0.732948475336965,0
"410",0.643340876939808,1
"411",0.532000302261819,1
"412",0.694335305477725,0
"413",0.301355739553144,0
"414",0.42457303801157,0
"415",0.382560594195649,0
"416",0.472295482485237,0
"417",0.491613339332731,0
"418",0.657993545943785,0
"419",0.598626895235834,0
"420",0.495477689872199,1
"421",0.809903662545669,1
"422",0.558372067148093,0
"423",0.726121506884324,0
"424",0.72230458633989,1
"425",0.445240402774467,1
"426",0.516965855566254,0
"427",0.364248736961334,0
"428",0.410482506178121,1
"429",0.462427902078021,1
"430",0.270624393286975,0
"431",0.407869368791641,1
"432",0.527469507558289,0
"433",0.751531455679415,0
"434",0.657632149009579,0
"435",0.619644064782458,1
"436",0.440784718414648,0
"437",0.259085389035591,1
"438",0.596341226383981,1
"439",0.435554525858428,1
"440",0.653617521192198,1
"441",0.155851006631574,1
"442",0.744405836792778,1
"443",0.49327901695425,1
"444",0.266877649970974,1
"445",0.223199337747886,1
"446",0.298497238078119,1
"447",0.523651397873703,1
"448",0.463006310500659,1
"449",0.239262150351443,0
"450",0.288281913910842,0
"451",0.442100556418793,1
"452",0.612303827426117,0
"453",0.423394959626,1
"454",0.529197617317704,1
"455",0.32916677708538,1
"456",0.655409489617205,1
"457",0.486707452745133,1
"458",0.743595895260008,1
"459",0.625598159961915,1
"460",0.728324886883738,0
"461",0.58507319756276,0
"462",0.374927432686492,0
"463",0.40469366542776,1
"464",0.494860725029084,0
"465",0.639312309831611,1
"466",0.471402812396974,1
"467",0.712429796184933,1
"468",0.660837543623288,1
"469",0.447085124225145,0
"470",0.790681906024365,1
"471",0.42443091973043,1
"472",0.669278471549967,0
"473",0.727906613178073,1
"474",0.668554771581928,1
"475",0.683941592927306,1
"476",0.6226822048236,0
"477",0.344037360316396,0
"478",0.68503876161566,1
"479",0.655409116464852,0
"480",0.243302554011318,1
"481",0.538600698151659,1
"482",0.36006620151027,1
"483",0.326739862842715,0
"484",0.467049255017542,1
"485",0.736803040872386,0
"486",0.761777729519872,1
"487",0.613350575921149,0
"488",0.518905221325873,1
"489",0.332498858541103,0
"490",0.815625223077058,1
"491",0.710685170021903,0
"492",0.653976806316861,0
"493",0.532884464567821,0
"494",0.801412251282365,1
"495",0.739028853725082,1
"496",0.5431058299753,1
"497",0.703148924883853,1
"498",0.406890519040742,0
"499",0.609195404591089,0
"500",0.8227932953536,0
"501",0.64655334249331,1
"502",0.473239007878571,1
"503",0.563764722271544,1
"504",0.71895247302061,0
"505",0.5392113736105,1
"506",0.761068633668787,0
"507",0.806755853919391,1
"508",0.86127537434495,1
"509",0.434644689301419,1
"510",0.614173472756574,1
"511",0.795350764156218,0
"512",0.708334738801429,0
"513",0.782058094076716,1
"514",0.618696665083273,1
"515",0.634314856025284,1
"516",0.614070891269208,0
"517",0.177851286956451,1
"518",0.972725631467857,1
"621",0.301692841621875,0
"622",0.383345507645214,1
"623",0.469196706308066,0
"624",0.425459413949278,0
"625",0.407680887376074,0
"626",0.48598327148406,0
"627",0.481005331780796,1
"628",0.367207627532717,1
"629",0.439951746973321,0
"630",0.455819483009381,0
"631",0.50465181617763,0
"632",0.527076630459506,1
"633",0.565101121535338,1
"634",0.485001030857328,1
"635",0.357258223033981,0
"636",0.47281900918565,1
"637",0.295620218122972,0
"638",0.525976351131758,0
"639",0.396535770752889,0
"640",0.494132753115851,1
"641",0.396927839756499,0
"642",0.469337344349281,0
"643",0.482699444431199,0
"644",0.47825615409311,0
"645",0.432093039638764,0
"646",0.479775493777845,1
"647",0.444958470184734,1
"648",0.371863447767907,1
"649",0.409385143668297,0
"650",0.488034924966818,1
"651",0.431384524821009,0
"652",0.43923391595722,0
"653",0.374379736702289,1
"654",0.467840357133476,1
"655",0.425669159289701,0
"656",0.437276610272576,0
"657",0.405831419164025,0
"658",0.397971461009176,1
"659",0.586576004038202,1
"660",0.461591355614139,1
"661",0.336815159794642,1
"662",0.518600646528835,0
"663",0.437027014919692,1
"664",0.472778348740642,0
"665",0.448670979049398,0
"666",0.340390850307311,0
"667",0.497754511132775,1
"668",0.57277936639405,1
"669",0.488554504782929,1
"670",0.590769211542293,1
"671",0.489955461308541,1
"672",0.459701061588776,1
"673",0.394351787892972,1
"674",0.43800098278871,0
"675",0.317832553758221,1
"676",0.427473492034226,1
"677",0.431666065984175,1
"678",0.491321526937796,1
"679",0.476634390844439,0
"680",0.558523756679789,1
"681",0.413639294069974,0
"682",0.485089923548481,1
"683",0.501711694544037,1
"684",0.546671592543459,1
"685",0.484811494613018,1
"686",0.477285808632765,1
"687",0.550617640982007,0
"688",0.471780055896012,1
"689",0.373332847631956,1
"690",0.521542939468085,1
"691",0.531844617075895,1
"692",0.498379693208891,1
"693",0.539611765604573,0
"694",0.578868761505339,0
"695",0.514137687484531,1
"696",0.561685400922008,0
"697",0.427010301018691,1
"698",0.457925995245478,0
"699",0.494710269238097,0
"700",0.309430343819218,1
"701",0.358709031881012,1
"702",0.544061076478242,0
"703",0.524363482819799,1
"704",0.587988375623148,0
"705",0.487489244637343,0
"706",0.54744489502458,1
"707",0.385482217752986,1
"708",0.415697610467495,1
"709",0.395967658622891,1
"710",0.506661616902388,1
"711",0.534196594281856,1
"712",0.628401323770923,0
"713",0.535224651592544,1
"714",0.575646412598101,0
"715",0.546945000249013,0
"716",0.555956617629079,1
"717",0.409898467756234,1
"718",0.611526944026086,1
"719",0.522061198168507,0
"720",0.421585244384808,0
"721",0.572081294514638,0
"722",0.387863548893297,1
"723",0.521755291887359,1
"724",0.387012975818672,0
"725",0.333697575360114,1
"726",0.531278698509026,1
"727",0.533695928064057,0
"728",0.595486346684771,1
"729",0.516942492555803,1
"730",0.573093232429695,0
"731",0.629876913848425,0
"732",0.362390475831175,1
"733",0.585465364232115,0
"734",0.645322930364604,0
"735",0.593645440097337,1
"736",0.454397914048725,0
"737",0.451131823492204,1
"738",0.487398336411102,1
"739",0.602287714066709,1
"740",0.627207009356459,0
"741",0.473667540395076,1
"742",0.66253150996906,1
"743",0.377952383931711,0
"744",0.357711842373312,0
"745",0.683028597638412,1
"746",0.674089488884764,1
"747",0.463993430761393,0
"748",0.626910596139546,1
"749",0.709126017982466,1
"750",0.647365614019887,1
"751",0.565141921287859,0
"752",0.352008843986582,0
"753",0.600126926211855,1
"754",0.515770865253226,1
"755",0.497881016555701,1
"756",0.537839537162374,1
"757",0.40091084176945,0
"758",0.555769885396955,0
"759",0.414089284647911,1
"760",0.416922838142003,1
"761",0.509608098918916,1
"762",0.621216468727981,1
"763",0.553017505844115,1
"764",0.371499826540355,0
"765",0.346489244781421,0
"766",0.465835065782309,1
"767",0.523964966841328,1
"768",0.349650771234282,0
"769",0.62688065823438,1
"770",0.549343139323693,1
"771",0.36186471574217,0
"772",0.521728262899169,1
"773",0.54434532870632,0
"774",0.445349829486727,1
"775",0.742163053687584,0
"776",0.678708710090163,1
"777",0.696832274984194,1
"778",0.35080618319171,1
"779",0.672391280855418,1
"780",0.80950480066271,1
"781",0.672135586979398,1
"782",0.690868419419312,1
"783",0.565723494016298,1
"784",0.855098226870032,0
"785",0.804668137894092,1
"888",0.447145934906339,1
"889",0.394571931339629,1
"890",0.380628247506996,1
"891",0.501501065227675,1
"892",0.498535287649036,1
"893",0.384111790574237,0
"894",0.215457802797096,0
"895",0.439641160629764,1
"896",0.46815418042508,0
"897",0.380359551453426,1
"898",0.628736207150431,0
"899",0.524073313433755,1
"900",0.414389610652307,1
"901",0.49609832271052,0
"902",0.410548761706038,1
"903",0.511332121009761,0
"904",0.285299762803352,1
"905",0.371486989102538,1
"906",0.338707244155468,1
"907",0.39430532345345,1
"908",0.458771631774293,1
"909",0.38759280713348,0
"910",0.444835205044225,0
"911",0.415488832882041,1
"912",0.26754037367328,1
"913",0.460235704795285,0
"914",0.364517294110621,0
"915",0.434292371084304,0
"916",0.349215351870948,1
"917",0.392033090443579,1
"918",0.334518523154387,1
"919",0.505175723797017,1
"920",0.541403581679205,1
"921",0.397838868343701,1
"922",0.33559629923847,0
"923",0.401562999600998,0
"924",0.484036172186038,1
"925",0.476507831425861,1
"926",0.400430996232181,1
"927",0.555469359764523,1
"928",0.523164487053078,1
"929",0.526374470469647,0
"930",0.427874450081811,0
"931",0.438546388184116,1
"932",0.416561445759366,0
"933",0.518758917633715,1
"934",0.438012606150938,1
"935",0.448825275916551,1
"936",0.44090393277472,1
"937",0.479827268524288,1
"938",0.394287808693238,1
"939",0.459835658264501,1
"940",0.406265762974984,1
"941",0.486629048680211,1
"942",0.490163993046757,0
"943",0.378159950635786,1
"944",0.436109859937343,1
"945",0.419106503630594,1
"946",0.547048103312312,0
"947",0.591091050720204,0
"948",0.421992019796517,1
"949",0.488704089667602,0
"950",0.461953343718334,0
"951",0.48714350405338,1
"952",0.410102682428552,0
"953",0.443495280457046,1
"954",0.532336911774923,0
"955",0.399572988248479,1
"956",0.434919714527162,1
"957",0.43165745170586,1
"958",0.480610012280883,1
"959",0.444183928075348,0
"960",0.448156530224082,1
"961",0.482419435885001,1
"962",0.517384121996583,0
"963",0.496904933830273,1
"964",0.44575293163994,1
"965",0.483527199077597,0
"966",0.481532729505106,1
"967",0.477756995281596,1
"968",0.519554706818644,0
"969",0.47867200766213,0
"970",0.498351941650487,0
"971",0.437804820434107,0
"972",0.503598895852448,0
"973",0.499510685523395,1
"974",0.474432358486874,1
"975",0.532235735302935,0
"976",0.463453522480714,1
"977",0.53572732644184,1
"978",0.471998341084639,1
"979",0.471617051558656,1
"980",0.46091601038674,1
"981",0.605747042100943,0
"982",0.435983388052635,1
"983",0.495301971198329,1
"984",0.489376180590748,1
"985",0.469180803065251,1
"986",0.474579286307186,0
"987",0.512341800715866,0
"988",0.515343314619534,1
"989",0.545061340809389,1
"990",0.453837809734762,1
"991",0.452209504133192,0
"992",0.487016176918876,1
"993",0.495014059343257,0
"994",0.693767672117146,0
"995",0.592774985712828,1
"996",0.572630135447061,1
"997",0.578915176785884,1
"998",0.554707720905789,1
"999",0.426875230602399,1
"1000",0.5869719490148,1
"1001",0.427655176549958,1
"1002",0.537679371982431,1
"1003",0.529484821803272,0
"1004",0.543320182957515,1
"1005",0.558331620162699,1
"1006",0.590116333776028,1
"1007",0.472420767248117,0
"1008",0.560653717187892,1
"1009",0.407333071663129,0
"1010",0.561994232140588,1
"1011",0.44635279831676,0
"1012",0.599839534500418,0
"1013",0.441883866425102,0
"1014",0.409003048372626,1
"1015",0.797694938679345,1
"1016",0.420991447380734,0
"1017",0.524546843450279,1
"1018",0.489061059764272,0
"1019",0.522983133172371,1
"1020",0.607069544587531,0
"1021",0.625274715377287,1
"1022",0.447472349453582,1
"1023",0.639295819104031,1
"1024",0.471466902533758,0
"1025",0.563075524439049,0
"1026",0.753527435993757,1
"1027",0.527814067786426,0
"1028",0.360553082293998,0
"1029",0.709756047969251,1
"1030",0.601924553813032,1
"1031",0.71814308433172,0
"1032",0.544351509859137,1
"1033",0.691048671741158,1
"1034",0.443775376899713,0
"1035",0.544020541093983,1
"1036",0.570236539854115,1
"1037",0.633844709150423,1
"1038",0.516837282983462,0
"1039",0.523379507158007,1
"1040",0.653247541679014,1
"1041",0.573699728181959,1
"1042",0.773331338291375,0
"1043",0.563695142439574,1
"1044",0.824409523114338,1
"1045",0.675827325256959,1
"1046",0.798793238921072,1
"1047",0.821224347546252,0
"1048",0.782107927038336,0
"1049",0.39821683078801,1
"1050",0.545144507112539,1
"1051",0.708873027419271,0
"1052",0.67001923515677,1
"1155",0.592628386840119,1
"1156",0.540562129301996,1
"1157",0.496077547437667,0
"1158",0.563298607833151,1
"1159",0.518705812363762,1
"1160",0.42408866710182,0
"1161",0.472134576177465,1
"1162",0.492010804513867,1
"1163",0.424346361846119,1
"1164",0.318512416972244,1
"1165",0.457003719446423,1
"1166",0.457913755193008,0
"1167",0.552726135336729,1
"1168",0.302027667159382,1
"1169",0.599283457049795,1
"1170",0.524224676502877,0
"1171",0.480039041384421,1
"1172",0.415224898211105,1
"1173",0.440897265186084,0
"1174",0.595592564242876,0
"1175",0.437843382591333,0
"1176",0.496448115882604,1
"1177",0.486469506975456,1
"1178",0.605113346388931,0
"1179",0.440630344641241,0
"1180",0.480541944633413,1
"1181",0.36996005720909,1
"1182",0.45443191346422,1
"1183",0.486798220038357,1
"1184",0.451821372599127,1
"1185",0.555759488306324,0
"1186",0.478145833705628,1
"1187",0.459890846642972,1
"1188",0.470531681657425,1
"1189",0.485389881696498,1
"1190",0.467390555028558,0
"1191",0.478803997773927,0
"1192",0.562991779603301,1
"1193",0.526703304117477,0
"1194",0.475222572182772,0
"1195",0.37332958073842,1
"1196",0.584381028755223,0
"1197",0.434886372596565,1
"1198",0.568806643750085,1
"1199",0.49510023275574,1
"1200",0.501736430271758,0
"1201",0.523217881062402,0
"1202",0.54889033404169,0
"1203",0.414168997765973,0
"1204",0.490396398802477,1
"1205",0.55184705557474,0
"1206",0.544833890589193,0
"1207",0.513147304226672,0
"1208",0.436987072131648,1
"1209",0.353329978690446,1
"1210",0.463917454252289,1
"1211",0.537116107738268,0
"1212",0.538078634989308,0
"1213",0.528556602968668,1
"1214",0.562173019432613,0
"1215",0.522037019907739,0
"1216",0.464531853724401,1
"1217",0.532411311794508,1
"1218",0.436673438127518,1
"1219",0.501103778467593,1
"1220",0.547608517351543,0
"1221",0.50229542770554,1
"1222",0.47279524756293,1
"1223",0.534285473205337,0
"1224",0.47386636777139,1
"1225",0.519445879160597,0
"1226",0.436886125469377,0
"1227",0.424905360476565,0
"1228",0.48905283502434,1
"1229",0.446469969176016,0
"1230",0.531977052137475,1
"1231",0.586770082758901,0
"1232",0.487477072759725,1
"1233",0.432512200459457,1
"1234",0.503813932606657,0
"1235",0.519092801026337,0
"1236",0.493408441487391,1
"1237",0.538190129722738,0
"1238",0.512823605021633,1
"1239",0.488149317083328,1
"1240",0.425525587510273,1
"1241",0.439610969640278,1
"1242",0.463019328807305,1
"1243",0.514720267938459,0
"1244",0.49369538039603,0
"1245",0.472622651604296,0
"1246",0.580592568521303,1
"1247",0.522351755027193,1
"1248",0.558409048018556,1
"1249",0.533470916925442,1
"1250",0.492421005701279,0
"1251",0.51680918910983,1
"1252",0.463212060833194,1
"1253",0.533572219313551,0
"1254",0.463744263733796,1
"1255",0.476541235367377,0
"1256",0.517833006722698,1
"1257",0.544536740803882,1
"1258",0.552641073080021,1
"1259",0.497263479520183,0
"1260",0.529782453839315,0
"1261",0.509012102813388,1
"1262",0.535648397803878,0
"1263",0.609535699614274,0
"1264",0.514375745660143,1
"1265",0.652604204042804,0
"1266",0.541570082104777,0
"1267",0.467380763751427,0
"1268",0.502046743752506,0
"1269",0.638307324956251,0
"1270",0.477826840325595,1
"1271",0.525805618584436,1
"1272",0.556213666731007,1
"1273",0.513016419689938,1
"1274",0.45746136112047,0
"1275",0.571408987166054,1
"1276",0.458329937584328,1
"1277",0.466027422843772,0
"1278",0.459679561437643,1
"1279",0.580513956680394,0
"1280",0.595598102357116,1
"1281",0.503778204113905,1
"1282",0.360417856259233,1
"1283",0.50487130378892,1
"1284",0.481889947891224,0
"1285",0.36518765551105,1
"1286",0.515932971321149,0
"1287",0.611616992301216,1
"1288",0.573518445836795,0
"1289",0.487367523111521,1
"1290",0.453242727619829,0
"1291",0.59518450947289,1
"1292",0.402248777684713,1
"1293",0.639267488845578,1
"1294",0.574253470287266,1
"1295",0.463476072334238,0
"1296",0.493735611761367,0
"1297",0.411154446120584,0
"1298",0.429313439243294,1
"1299",0.652674710480069,0
"1300",0.699091164441761,1
"1301",0.607580973983693,0
"1302",0.804369047416847,0
"1303",0.688448898582515,1
"1304",0.546386705484686,1
"1305",0.651253628913924,1
"1306",0.629397525516824,1
"1307",0.675291232693954,1
"1308",0.41835929906186,1
"1309",0.726809688254416,0
"1310",0.643230011353919,0
"1311",0.665527668893888,0
"1312",0.456993623384025,1
"1313",0.71808864259771,1
"1314",0.798230292681729,1
"1315",0.619313973776145,1
"1316",0.753896743624224,1
"1317",0.5019444202823,1
"1318",0.836478398050755,0
"1319",0.74646069656152,0
"1422",0.417460676122835,1
"1423",0.398002946763704,1
"1424",0.475910842426779,1
"1425",0.503007717638037,1
"1426",0.414295588127959,0
"1427",0.607474745388086,1
"1428",0.40158425858291,0
"1429",0.425819442962927,1
"1430",0.50362602544648,1
"1431",0.704992927866222,1
"1432",0.432876498764565,1
"1433",0.386217702386457,0
"1434",0.557719048874732,1
"1435",0.470904788640447,1
"1436",0.548472167233425,0
"1437",0.60630119852071,0
"1438",0.410035782402801,1
"1439",0.50297685556883,0
"1440",0.454570061204102,1
"1441",0.437179501771659,1
"1442",0.484093465471217,0
"1443",0.540174783730815,1
"1444",0.555284097210191,0
"1445",0.448550686359027,0
"1446",0.551508670020958,0
"1447",0.452913522328283,0
"1448",0.499331641915302,1
"1449",0.625301348418386,0
"1450",0.467632625119636,0
"1451",0.480497051873964,1
"1452",0.403581838734817,1
"1453",0.359135315789685,1
"1454",0.39267620004125,1
"1455",0.334930800450198,1
"1456",0.484423051514602,1
"1457",0.488926112045765,0
"1458",0.510240689962398,0
"1459",0.475832454394361,0
"1460",0.445002585064498,1
"1461",0.413021562935756,1
"1462",0.472849249872344,1
"1463",0.483848732607961,0
"1464",0.52513703063427,0
"1465",0.520323638106381,1
"1466",0.496791039271778,1
"1467",0.529298057104128,0
"1468",0.421028916436052,1
"1469",0.514938982491568,1
"1470",0.507040392911467,1
"1471",0.522501959164816,1
"1472",0.47865395206891,1
"1473",0.495524229728657,1
"1474",0.570870281056513,0
"1475",0.429370242934391,0
"1476",0.4916854821991,0
"1477",0.505322883910348,0
"1478",0.52120840747901,0
"1479",0.463818627464085,0
"1480",0.52011632491246,0
"1481",0.521143951128329,0
"1482",0.550230957745577,0
"1483",0.543221856824778,0
"1484",0.452722384042499,1
"1485",0.529222927633598,0
"1486",0.484033724435315,1
"1487",0.528885772665729,1
"1488",0.5097918997884,0
"1489",0.514147777048766,1
"1490",0.487937894034115,1
"1491",0.491586220742076,0
"1492",0.461835657964088,1
"1493",0.555462858437276,0
"1494",0.525083019785332,0
"1495",0.485169093305387,1
"1496",0.475923200516699,1
"1497",0.508487018528966,1
"1498",0.527760934314463,1
"1499",0.534048628114375,0
"1500",0.516623822550049,0
"1501",0.428146677487359,1
"1502",0.483813935283033,1
"1503",0.449321204768803,1
"1504",0.477629273706437,1
"1505",0.497280822101328,0
"1506",0.468120639787626,1
"1507",0.459451969419475,0
"1508",0.4906023277807,0
"1509",0.550088227417777,0
"1510",0.441315359025267,1
"1511",0.530684796750536,0
"1512",0.600348280912807,0
"1513",0.512120868757053,0
"1514",0.49365451077297,0
"1515",0.440656350058277,1
"1516",0.544998925361837,1
"1517",0.457117913743725,1
"1518",0.531619684042821,0
"1519",0.500831933059967,1
"1520",0.560839405986287,1
"1521",0.521674651396079,0
"1522",0.458800940573196,1
"1523",0.482061939444209,0
"1524",0.450478331567221,1
"1525",0.485237558398836,1
"1526",0.440458336655156,1
"1527",0.479555399264055,1
"1528",0.589125933823123,0
"1529",0.509657040240488,1
"1530",0.572187287841693,1
"1531",0.57425277889369,0
"1532",0.523287235239335,1
"1533",0.52532380040371,0
"1534",0.475265537588209,1
"1535",0.444363886597666,1
"1536",0.619985433468591,0
"1537",0.512762254739754,0
"1538",0.518032935695699,0
"1539",0.550707564841967,0
"1540",0.548733151522358,0
"1541",0.442240152471933,1
"1542",0.541802800540545,1
"1543",0.523753150049591,1
"1544",0.605542447579753,1
"1545",0.610644940616767,0
"1546",0.498172898995616,0
"1547",0.574256323713957,0
"1548",0.471057961061306,1
"1549",0.496253836428357,0
"1550",0.521985496282216,1
"1551",0.542101804163993,1
"1552",0.545251484569572,0
"1553",0.497860150179309,1
"1554",0.476592189126454,0
"1555",0.477313852539237,1
"1556",0.438190897614986,1
"1557",0.511061208267582,0
"1558",0.476357863395348,1
"1559",0.490670166847873,0
"1560",0.594593871295379,0
"1561",0.367584213118557,0
"1562",0.529052996651549,0
"1563",0.543226714516228,1
"1564",0.390624957259725,1
"1565",0.614783393009016,1
"1566",0.593492940982004,1
"1567",0.398168222528901,1
"1568",0.452373254700746,1
"1569",0.474714969714112,0
"1570",0.519857627602402,1
"1571",0.577254087047394,0
"1572",0.495569187664642,1
"1573",0.611755298528441,1
"1574",0.481270796996657,1
"1575",0.466520615455587,0
"1576",0.397312869754506,1
"1577",0.653838283345326,0
"1578",0.598597314583506,0
"1579",0.490121496120574,0
"1580",0.632688379489871,1
"1581",0.501868927305219,1
"1582",0.627465125225274,0
"1583",0.56687704471601,0
"1584",0.479765149129445,0
"1585",0.539510769289233,1
"1586",0.441291709076415,1
"1687",0.446604186573429,1
"1688",0.486163832521122,0
"1689",0.456561146930991,0
"1690",0.442889347556271,1
"1691",0.532892385433155,0
"1692",0.511509804520618,1
"1693",0.409468726640259,1
"1694",0.380682238359385,1
"1695",0.433135854053567,1
"1696",0.536124444785593,0
"1697",0.64186871013802,1
"1698",0.493631791728643,1
"1699",0.566338417860311,0
"1700",0.525847828165463,0
"1701",0.488479664094991,1
"1702",0.469325819656471,1
"1703",0.491199455507923,1
"1704",0.50566707014457,1
"1705",0.482260052798004,1
"1706",0.476699458546618,0
"1707",0.473159514066805,0
"1708",0.525735400242123,0
"1709",0.49844658312709,1
"1710",0.566520255617915,1
"1711",0.40195045792369,1
"1712",0.495267012327639,0
"1713",0.454841689292309,0
"1714",0.4250046530134,1
"1715",0.482711099654998,0
"1716",0.469176458033359,1
"1717",0.503486770661318,0
"1718",0.459256930363467,0
"1719",0.511442860036019,0
"1720",0.467211688987746,0
"1721",0.490681104740203,1
"1722",0.535760692926834,1
"1723",0.467379997570639,0
"1724",0.521746310669831,0
"1725",0.509001653041912,0
"1726",0.516870367383959,1
"1727",0.495923708377752,0
"1728",0.564332617822275,0
"1729",0.469993569896714,1
"1730",0.432273505891522,1
"1731",0.464468046198735,1
"1732",0.469318321596317,0
"1733",0.506823000636795,0
"1734",0.468519004640033,0
"1735",0.474660277976928,1
"1736",0.501494954654303,1
"1737",0.493582782737189,0
"1738",0.450044081338089,1
"1739",0.498407545960045,0
"1740",0.502422656884958,1
"1741",0.496003423687073,0
"1742",0.538384549001433,1
"1743",0.509039539226966,1
"1744",0.512134613905589,1
"1745",0.522396651691417,0
"1746",0.49663001511372,1
"1747",0.504743585150862,0
"1748",0.458046184337165,1
"1749",0.485823045903223,1
"1750",0.461632912466609,1
"1751",0.485752070224427,1
"1752",0.490559904682907,1
"1753",0.494510592572534,0
"1754",0.490840816194479,1
"1755",0.472637899249706,1
"1756",0.459908993038926,0
"1757",0.492052555770285,1
"1758",0.466316839000089,1
"1759",0.512397426305783,1
"1760",0.43363281931727,1
"1761",0.446253854468525,1
"1762",0.483470422471226,1
"1763",0.453415648809693,1
"1764",0.461436405330107,0
"1765",0.502286324747066,0
"1766",0.483002621402551,0
"1767",0.48452933444432,1
"1768",0.48238738897063,1
"1769",0.50624774356564,0
"1770",0.509843872856625,1
"1771",0.46919358029583,1
"1772",0.500794356830337,0
"1773",0.514474842341816,0
"1774",0.480136192245199,1
"1775",0.489219930850357,1
"1776",0.509685889021848,0
"1777",0.484000383625185,0
"1778",0.513226208341678,1
"1779",0.467298731805006,1
"1780",0.480549757140509,0
"1781",0.510992693556675,0
"1782",0.488524723900271,0
"1783",0.490568442052613,1
"1784",0.485804304703579,0
"1785",0.492764734440705,1
"1786",0.501898318457461,0
"1787",0.520157176395348,0
"1788",0.506227450230772,1
"1789",0.484535310006322,0
"1790",0.473917543295563,0
"1791",0.516431111527389,0
"1792",0.477841576850331,1
"1793",0.49722947020976,1
"1794",0.512547230624078,0
"1795",0.483005280847349,0
"1796",0.534527699163452,0
"1797",0.50223050349068,1
"1798",0.493178609775206,1
"1799",0.519817745605759,1
"1800",0.499169679088663,1
"1801",0.480758473399989,1
"1802",0.530197571106222,0
"1803",0.466952972453585,0
"1804",0.542126883525491,0
"1805",0.547635086264806,1
"1806",0.533612896214431,0
"1807",0.561660114826033,0
"1808",0.487874971019187,1
"1809",0.501580503815283,0
"1810",0.512839340683515,1
"1811",0.495504905244339,1
"1812",0.487004392442769,0
"1813",0.460833496101012,0
"1814",0.498932291549699,0
"1815",0.432676356354555,0
"1816",0.500026332325138,1
"1817",0.513010696795063,0
"1818",0.505313718672897,0
"1819",0.557361646912901,0
"1820",0.527696236655534,0
"1821",0.54498520272113,1
"1822",0.510444656355798,0
"1823",0.544502619151205,1
"1824",0.539800751075337,0
"1825",0.507264251082979,0
"1826",0.512641696658095,0
"1827",0.54177876441499,0
"1828",0.568046940989565,0
"1829",0.491560706573536,1
"1830",0.560600637246248,0
"1831",0.562327377179775,1
"1832",0.53916739063062,0
"1833",0.521441160191746,1
"1834",0.485733123313596,0
"1835",0.47129039065502,0
"1836",0.559443934889917,0
"1837",0.649298480780206,1
"1838",0.53772423685671,1
"1839",0.576614174251547,1
"1840",0.531639720844577,1
"1841",0.502859180844425,0
"1842",0.552215110140331,0
"1843",0.463958784668236,1
"1844",0.507249703987198,1
"1845",0.488140841115984,1
"1846",0.550825137821074,1
"1847",0.558266342634391,0
"1848",0.563798334454888,1
"1849",0.549064519482385,1
"1850",0.665650777426339,0
"1851",0.58879923760702,1
"1852",0.417889266783651,1
"1853",0.718580159832309,0
"1957",0.537085844612334,0
"1958",0.481647102726802,0
"1959",0.480923907820101,0
"1960",0.585311702683416,0
"1961",0.415176477015127,1
"1962",0.465176631883387,0
"1963",0.544923120376033,0
"1964",0.450986772478733,0
"1965",0.533789935910363,1
"1966",0.444120915436085,0
"1967",0.475662044203892,0
"1968",0.41289389329845,1
"1969",0.565666189730038,0
"1970",0.483754456719819,1
"1971",0.484379337561353,1
"1972",0.481566368491445,1
"1973",0.418973520633826,1
"1974",0.51529758434305,0
"1975",0.516962161866185,1
"1976",0.496954400938942,1
"1977",0.500974824141587,1
"1978",0.530656599667362,0
"1979",0.495231635075835,1
"1980",0.522942053762668,0
"1981",0.480973712593273,0
"1982",0.54603729473562,0
"1983",0.478331199776865,1
"1984",0.426290325491162,0
"1985",0.547256217642637,0
"1986",0.440894904408679,1
"1987",0.465138543035394,0
"1988",0.444874884941186,0
"1989",0.415145778640091,1
"1990",0.427361913168313,0
"1991",0.445601699815491,0
"1992",0.414646042941631,0
"1993",0.495441825887144,0
"1994",0.470200546554004,0
"1995",0.52228613031835,1
"1996",0.543128885137858,1
"1997",0.427348274207034,1
"1998",0.506161349277815,0
"1999",0.466819103900763,1
"2000",0.455693643903205,0
"2001",0.465969870750173,1
"2002",0.457117741597578,1
"2003",0.492737411414817,1
"2004",0.495559242014939,1
"2005",0.550149177978793,1
"2006",0.474123935192865,1
"2007",0.511118859753744,0
"2008",0.473318394135277,1
"2009",0.49617350768686,0
"2010",0.439487739648328,0
"2011",0.469278199611216,1
"2012",0.491614575541199,0
"2013",0.514739805126014,1
"2014",0.511982551880703,0
"2015",0.453450596772476,1
"2016",0.524009859867021,0
"2017",0.493974574779196,1
"2018",0.493446965396898,1
"2019",0.482927694774771,1
"2020",0.473304061775974,0
"2021",0.478548547005685,0
"2022",0.469656546606975,0
"2023",0.481993910463345,0
"2024",0.501303004645146,1
"2025",0.494171297515441,1
"2026",0.437225836906623,0
"2027",0.498378377313997,1
"2028",0.441833300934274,1
"2029",0.445863945077639,1
"2030",0.478259516754667,1
"2031",0.481501587958527,1
"2032",0.479443341777861,0
"2033",0.460241123294514,1
"2034",0.45366906693122,1
"2035",0.453928587023956,1
"2036",0.476382544728916,0
"2037",0.488138746791916,0
"2038",0.504260744874388,0
"2039",0.49725801366451,1
"2040",0.475513426411696,0
"2041",0.493753149689713,1
"2042",0.480135532528719,1
"2043",0.502341464818217,0
"2044",0.459762086927196,1
"2045",0.552767478703645,0
"2046",0.486962780640632,1
"2047",0.459696118885267,1
"2048",0.510620020380934,0
"2049",0.48617877669481,1
"2050",0.452168199371133,0
"2051",0.484117442493404,1
"2052",0.466423531239058,1
"2053",0.507614180039313,0
"2054",0.46030509137008,1
"2055",0.490600181847492,1
"2056",0.459242299453219,1
"2057",0.53497714147904,0
"2058",0.485139139557445,0
"2059",0.472743353194925,1
"2060",0.499565421735111,0
"2061",0.466892501951062,0
"2062",0.497912710088291,1
"2063",0.537138222320521,1
"2064",0.501223697012664,1
"2065",0.464420935316493,1
"2066",0.498856916301442,1
"2067",0.480687999613546,1
"2068",0.513880842141881,0
"2069",0.4966383381572,0
"2070",0.452101026124944,1
"2071",0.478254771689093,1
"2072",0.469872778327936,0
"2073",0.495651770250155,0
"2074",0.469062216699258,1
"2075",0.480386988405526,0
"2076",0.483634046366158,0
"2077",0.457038387830427,1
"2078",0.475143255994816,0
"2079",0.513782574346416,0
"2080",0.456340131711257,1
"2081",0.472968864728209,1
"2082",0.498798702445257,1
"2083",0.502587467693572,1
"2084",0.502521824703444,1
"2085",0.512680653521265,0
"2086",0.484888542265908,1
"2087",0.529967484519229,0
"2088",0.474262064187803,1
"2089",0.474476025634975,1
"2090",0.500750863989045,1
"2091",0.525634335539015,1
"2092",0.485253785518417,0
"2093",0.478624931372629,1
"2094",0.513098240479021,0
"2095",0.423067810080594,1
"2096",0.577663089200092,0
"2097",0.441281574841699,0
"2098",0.376986644679553,1
"2099",0.534932676214706,1
"2100",0.403947842787817,1
"2101",0.491695871248308,1
"2102",0.415229199425262,1
"2103",0.374657991080088,1
"2104",0.473437632872944,1
"2105",0.462298536254111,1
"2106",0.473700776928731,0
"2107",0.5074880049284,1
"2108",0.495004805599525,1
"2109",0.583676430622209,0
"2110",0.550746980730164,1
"2111",0.58414863880621,0
"2112",0.544618713649642,0
"2113",0.500800121738881,1
"2114",0.4635538106484,1
"2115",0.465494664027522,1
"2116",0.447178154788625,0
"2117",0.50437994121877,0
"2118",0.489104470728899,1
"2119",0.537748828709719,0
"2120",0.521069551567281,0
"2223",0.443967577547693,1
"2224",0.521428534845577,1
"2225",0.455673083301025,1
"2226",0.547420954619922,1
"2227",0.493353071273611,1
"2228",0.540996992812504,1
"2229",0.448206079225755,1
"2230",0.471303781294653,1
"2231",0.519495347543045,0
"2232",0.519645574024026,0
"2233",0.443074024428802,0
"2234",0.400700510961863,0
"2235",0.489418924280305,1
"2236",0.414806820369201,1
"2237",0.489015648310289,1
"2238",0.489455912208514,1
"2239",0.545917680400041,0
"2240",0.426992260276275,0
"2241",0.468895643306568,0
"2242",0.51612132084345,0
"2243",0.367690578083275,1
"2244",0.461075936669379,1
"2245",0.456217639576556,0
"2246",0.524332757260781,0
"2247",0.494734674960186,1
"2248",0.479860233566064,0
"2249",0.536172765570584,1
"2250",0.5081729754287,0
"2251",0.538662555882556,0
"2252",0.514218247563441,0
"2253",0.504456786821423,0
"2254",0.514957417153202,1
"2255",0.47023560968142,1
"2256",0.465972275321022,1
"2257",0.480590460104749,1
"2258",0.435118304987658,1
"2259",0.499543704773012,0
"2260",0.523270270549531,0
"2261",0.484384770265431,1
"2262",0.461709367278528,0
"2263",0.5398280737517,0
"2264",0.389921046299967,1
"2265",0.429537523993328,0
"2266",0.49753843276641,0
"2267",0.500279390214038,1
"2268",0.492769117969906,1
"2269",0.42685353095875,1
"2270",0.456261166625582,0
"2271",0.51417839904484,1
"2272",0.536750244636451,0
"2273",0.511007563479104,0
"2274",0.464363976439455,1
"2275",0.476250160662592,1
"2276",0.495950273177602,1
"2277",0.530014140632129,0
"2278",0.492175810341343,1
"2279",0.421555695618267,0
"2280",0.466851655135825,0
"2281",0.411729102660151,1
"2282",0.50883221361301,0
"2283",0.538975601696698,0
"2284",0.504121322187743,0
"2285",0.459529419297579,0
"2286",0.506325539208066,1
"2287",0.532377470135443,0
"2288",0.507073099019982,1
"2289",0.520175486535292,0
"2290",0.500409081763692,0
"2291",0.450896902814467,1
"2292",0.422501821373051,0
"2293",0.51792471077316,0
"2294",0.520379574497067,0
"2295",0.487251890369747,0
"2296",0.504389797739172,1
"2297",0.522807410217314,0
"2298",0.499743943339776,1
"2299",0.510298986220648,1
"2300",0.514390281876719,0
"2301",0.491892344930206,0
"2302",0.452940180988739,1
"2303",0.498707641173838,0
"2304",0.440392274907511,0
"2305",0.518028815366146,0
"2306",0.469171964010557,0
"2307",0.502769226417938,0
"2308",0.488646795351549,0
"2309",0.50366774837455,0
"2310",0.453593797507445,0
"2311",0.450664737575313,1
"2312",0.457355295025731,1
"2313",0.436966185807675,1
"2314",0.43829729890089,0
"2315",0.512158808611539,1
"2316",0.483619350327603,0
"2317",0.494648583668162,1
"2318",0.50073027978138,1
"2319",0.465926061544135,0
"2320",0.448746360842047,0
"2321",0.445772506182854,1
"2322",0.448937835182932,1
"2323",0.51358141294913,1
"2324",0.527504815471792,0
"2325",0.500533459487616,1
"2326",0.456243290055713,1
"2327",0.530269873408504,1
"2328",0.452248526343618,1
"2329",0.510944051266444,1
"2330",0.478814221242019,0
"2331",0.493027729114185,1
"2332",0.471158216011155,1
"2333",0.500364487974177,0
"2334",0.474992658890565,1
"2335",0.462332043409995,1
"2336",0.553616457215926,1
"2337",0.503158968004734,1
"2338",0.536093155441629,1
"2339",0.513552808807872,1
"2340",0.486932568916471,0
"2341",0.486799667825862,0
"2342",0.524912020481512,0
"2343",0.450850829120084,1
"2344",0.482453248529742,1
"2345",0.480149044567749,0
"2346",0.488768441009136,0
"2347",0.46956011788835,0
"2348",0.4923789421569,0
"2349",0.531590105277236,1
"2350",0.476411136386427,1
"2351",0.524295156978264,0
"2352",0.494739859750421,0
"2353",0.5411449073053,0
"2354",0.513050799665758,1
"2355",0.485886016321799,1
"2356",0.517808628439137,0
"2357",0.49211750639053,1
"2358",0.532639400229707,0
"2359",0.511001967455112,1
"2360",0.494486318962603,1
"2361",0.495548624332968,1
"2362",0.53824926450796,1
"2363",0.507653760844092,0
"2364",0.573525379228921,1
"2365",0.484916829705043,0
"2366",0.48460662654845,1
"2367",0.509007317386113,1
"2368",0.539461934355908,1
"2369",0.464421410662489,1
"2370",0.502059629447698,0
"2371",0.513150309870677,1
"2372",0.496637888396071,1
"2373",0.500090276283405,1
"2374",0.479632810428883,0
"2375",0.504110805098579,1
"2376",0.456074215092543,1
"2377",0.506674230805378,1
"2378",0.506423720990357,1
"2379",0.581494442208747,0
"2380",0.56512443697296,0
"2381",0.481598758205527,0
"2382",0.458995572917997,0
"2383",0.493053656024601,0
"2384",0.541560706218362,1
"2385",0.431725996311536,1
"2386",0.566315670771033,1
"2387",0.623489800536182,0
"2491",0.548997268741718,1
"2492",0.523709943710299,0
"2493",0.489985212611475,1
"2494",0.503515700427491,1
"2495",0.472019122502688,0
"2496",0.422704624971077,0
"2497",0.431725350664807,1
"2498",0.339757300696968,0
"2499",0.418522053000219,1
"2500",0.427311972848131,1
"2501",0.462365588919891,0
"2502",0.480531261213509,1
"2503",0.494140536130843,1
"2504",0.458080330357856,1
"2505",0.483501729145856,0
"2506",0.36696033488127,1
"2507",0.436703515641846,1
"2508",0.419568755631338,1
"2509",0.452092383970707,1
"2510",0.568252365697592,1
"2511",0.497943212875469,1
"2512",0.46189959518658,1
"2513",0.42154259277024,0
"2514",0.454296165144398,0
"2515",0.446796295011292,0
"2516",0.466506732428654,0
"2517",0.450276199286137,1
"2518",0.416208678333725,1
"2519",0.486110467051775,1
"2520",0.360055578928626,1
"2521",0.499938008929152,0
"2522",0.431983092436527,0
"2523",0.510612756089531,0
"2524",0.520812605366731,1
"2525",0.49869418974903,1
"2526",0.407596875038921,0
"2527",0.402428917380108,1
"2528",0.458471119517108,1
"2529",0.505097896337075,1
"2530",0.487058850723,1
"2531",0.381234140225656,0
"2532",0.489845639261352,0
"2533",0.530292162844387,0
"2534",0.501004292452485,1
"2535",0.495523028437719,1
"2536",0.482017414392835,1
"2537",0.505414085999368,1
"2538",0.497596183333538,1
"2539",0.457463194259193,1
"2540",0.46726535298524,1
"2541",0.520504707020572,0
"2542",0.529683543028915,0
"2543",0.39577752007446,0
"2544",0.407462083589105,1
"2545",0.512093809230272,1
"2546",0.509204574576587,0
"2547",0.369958950906193,0
"2548",0.445307924700809,0
"2549",0.491522497309715,1
"2550",0.505296807366707,1
"2551",0.504646547520303,1
"2552",0.410213744121231,1
"2553",0.385674986962298,1
"2554",0.421799877759942,0
"2555",0.485089293378004,1
"2556",0.492390893170165,1
"2557",0.428848450763419,1
"2558",0.446618774023436,0
"2559",0.536862654791111,1
"2560",0.40813835469935,1
"2561",0.463577171168072,1
"2562",0.537346716236631,1
"2563",0.49434443897227,1
"2564",0.471795938932575,0
"2565",0.499097733072783,0
"2566",0.414787514168804,1
"2567",0.47678455282049,1
"2568",0.493696102292959,1
"2569",0.402751636004615,1
"2570",0.45190809777158,1
"2571",0.54930006006437,0
"2572",0.470911630998333,1
"2573",0.476075791743271,0
"2574",0.513928649233661,0
"2575",0.536749128909033,0
"2576",0.446518058016895,1
"2577",0.451668141524763,1
"2578",0.532226204190008,1
"2579",0.477179382493932,1
"2580",0.511710402009487,1
"2581",0.488976967071364,0
"2582",0.490015576808381,1
"2583",0.46464578830614,0
"2584",0.487148325476373,1
"2585",0.5283683544688,1
"2586",0.505036335048702,0
"2587",0.526032328689926,0
"2588",0.493742212787282,1
"2589",0.457304168882487,1
"2590",0.512810811608003,0
"2591",0.51935827556474,1
"2592",0.529764648406874,0
"2593",0.46817114296373,0
"2594",0.449702568115748,0
"2595",0.453772760403084,1
"2596",0.450757695230193,0
"2597",0.515313478118122,0
"2598",0.4928023201384,1
"2599",0.501569232750432,0
"2600",0.542420591574814,0
"2601",0.503998640661753,0
"2602",0.513056007845371,0
"2603",0.500491445546886,1
"2604",0.484892925586695,1
"2605",0.566453704617884,0
"2606",0.491538026141625,1
"2607",0.42749456931881,0
"2608",0.518079716276444,1
"2609",0.503596120493637,0
"2610",0.56279286057617,1
"2611",0.483216933991905,0
"2612",0.514685608594695,0
"2613",0.476437452811168,1
"2614",0.472355698078653,1
"2615",0.503225500229939,1
"2616",0.449456111957855,1
"2617",0.530185887511233,0
"2618",0.493308565839039,1
"2619",0.464450953851654,0
"2620",0.457810429126539,0
"2621",0.507203082271455,1
"2622",0.447989900349843,1
"2623",0.465944194161782,1
"2624",0.474054180574628,1
"2625",0.522333396965005,0
"2626",0.517751654775693,0
"2627",0.503746387441051,1
"2628",0.41285753906911,1
"2629",0.448108545209524,1
"2630",0.504983626350116,1
"2631",0.490533644394665,1
"2632",0.522725372562835,0
"2633",0.445564354676776,1
"2634",0.595386911298416,0
"2635",0.490495577535118,1
"2636",0.5471085149311,0
"2637",0.52091923904775,0
"2638",0.502863254385377,0
"2639",0.455777955355091,0
"2640",0.595149365443143,0
"2641",0.561185495579894,1
"2642",0.53986804390375,0
"2643",0.488245432463068,1
"2644",0.50410564863449,0
"2645",0.511833804181511,1
"2646",0.519419022753806,0
"2647",0.538996910083985,1
"2648",0.504587072809952,1
"2649",0.503167761770253,1
"2650",0.514698065891827,1
"2651",0.495433814162549,0
"2652",0.419105330891434,1
"2653",0.578081203780722,1
"2654",0.488921010554288,0
"2759",0.467243182546485,0
"2760",0.57611935628185,0
"2761",0.519137797890144,1
"2762",0.366013368548399,1
"2763",0.386384917753109,1
"2764",0.463285525615942,0
"2765",0.481350842899656,1
"2766",0.494865966346798,1
"2767",0.451780310533775,0
"2768",0.400487668981507,1
"2769",0.464969847632998,1
"2770",0.459175408757181,1
"2771",0.377459654177469,1
"2772",0.454807857389665,1
"2773",0.556364747904712,0
"2774",0.541394276537906,1
"2775",0.573289801309147,0
"2776",0.425015186535644,0
"2777",0.463935214116761,1
"2778",0.41323401292325,0
"2779",0.537514429349808,1
"2780",0.472360186339686,0
"2781",0.455741180511871,1
"2782",0.485450979003861,1
"2783",0.428795564792054,1
"2784",0.523676217661633,0
"2785",0.494032466139079,1
"2786",0.487739266053399,1
"2787",0.452622690421595,1
"2788",0.561009564207842,0
"2789",0.457548846672116,1
"2790",0.520928457979051,1
"2791",0.365868708792986,1
"2792",0.531707056326657,1
"2793",0.510818898640516,1
"2794",0.369432365845028,0
"2795",0.437615924888794,0
"2796",0.537377588980584,1
"2797",0.48957462838615,0
"2798",0.40165409235691,0
"2799",0.543865672796836,0
"2800",0.467075401818202,0
"2801",0.47284849631429,1
"2802",0.515599588458134,1
"2803",0.502789541156069,1
"2804",0.495248152382136,0
"2805",0.470451491028639,1
"2806",0.476605880746482,0
"2807",0.477984638203792,1
"2808",0.437598369046158,0
"2809",0.516820985953626,1
"2810",0.489189628876551,0
"2811",0.521115341923379,0
"2812",0.500146997753706,1
"2813",0.531148275645376,1
"2814",0.490099475098423,1
"2815",0.508057864634048,0
"2816",0.535883306821542,0
"2817",0.492174192618239,1
"2818",0.477826219255823,1
"2819",0.527843102503706,0
"2820",0.480336160424484,1
"2821",0.51916938462745,1
"2822",0.469479409857997,1
"2823",0.472115916205324,0
"2824",0.481111402570765,1
"2825",0.497470310034432,1
"2826",0.482102873233832,0
"2827",0.483428509213915,0
"2828",0.503439951228981,0
"2829",0.476704024730163,0
"2830",0.474865913364535,0
"2831",0.497670398696616,1
"2832",0.516259275476379,0
"2833",0.44593536114969,0
"2834",0.486478694727374,1
"2835",0.42523394055635,0
"2836",0.439658321542595,1
"2837",0.488511895557796,0
"2838",0.45793863934269,1
"2839",0.507654465363388,1
"2840",0.460942075665665,0
"2841",0.454595407082599,0
"2842",0.499352340530475,1
"2843",0.463899788957128,0
"2844",0.475935598194457,0
"2845",0.420023809337583,0
"2846",0.471337369390267,1
"2847",0.498180520173474,0
"2848",0.463282411233665,1
"2849",0.471381479810039,0
"2850",0.457389468709533,1
"2851",0.482765216107516,1
"2852",0.494963390241573,0
"2853",0.487243975062036,0
"2854",0.469737054563457,1
"2855",0.460866635609977,1
"2856",0.496079213866528,1
"2857",0.452179497631509,0
"2858",0.49969315157345,1
"2859",0.442567829018011,1
"2860",0.51419625335815,0
"2861",0.533993060362394,0
"2862",0.469455333238947,0
"2863",0.463132253590509,1
"2864",0.480152452181331,1
"2865",0.449977228793575,1
"2866",0.44898947571473,1
"2867",0.485377968986366,1
"2868",0.472206739938872,0
"2869",0.481738062918716,0
"2870",0.546817889978792,0
"2871",0.490591502015623,1
"2872",0.538331783784395,1
"2873",0.456506828656455,0
"2874",0.475738682422121,0
"2875",0.514844418942821,0
"2876",0.468548668164315,1
"2877",0.516258028790666,1
"2878",0.463129736279203,0
"2879",0.491436617703272,1
"2880",0.580190225863801,1
"2881",0.507160634550066,0
"2882",0.427757748885677,1
"2883",0.505003341994561,0
"2884",0.554202929894759,1
"2885",0.480209462945985,1
"2886",0.52557801043705,0
"2887",0.487647680298464,1
"2888",0.479141398886936,0
"2889",0.501818841783566,0
"2890",0.524009822703234,1
"2891",0.551126741980017,1
"2892",0.594140983082079,1
"2893",0.532265488248482,0
"2894",0.444336666917096,0
"2895",0.457703061276395,1
"2896",0.532165532048763,0
"2897",0.461357575555939,1
"2898",0.498906590775542,1
"2899",0.469987592481839,1
"2900",0.529362233795651,0
"2901",0.496830369150176,1
"2902",0.499510093805774,0
"2903",0.478076804835305,1
"2904",0.553465871379112,1
"2905",0.473662035860579,0
"2906",0.520989096873399,1
"2907",0.456252352684127,0
"2908",0.488232324784996,1
"2909",0.531278969584358,0
"2910",0.530357021641948,1
"2911",0.595084743372526,1
"2912",0.503060361378833,0
"2913",0.510744858896325,0
"2914",0.514782033356568,0
"2915",0.505678956885321,1
"2916",0.509130664499941,0
"2917",0.483332764357007,1
"2918",0.445203416362402,0
"2919",0.533331145404074,0
"2920",0.474296961120755,1
"2921",0.576798052313113,1
"3025",0.561079991614882,1
"3026",0.353934700677744,1
"3027",0.421529814297522,1
"3028",0.457264055456765,0
"3029",0.439547374486351,1
"3030",0.459129975097773,1
"3031",0.524498016538575,0
"3032",0.436892024829483,1
"3033",0.485016972287531,0
"3034",0.419219504519814,1
"3035",0.47006650901861,1
"3036",0.482059072045194,1
"3037",0.382525499904042,1
"3038",0.404359517501859,0
"3039",0.35924144932066,1
"3040",0.543335989318255,0
"3041",0.495607470612378,1
"3042",0.472921863796346,0
"3043",0.496463316120088,0
"3044",0.473691542221692,1
"3045",0.504992859501555,0
"3046",0.378427560367177,0
"3047",0.471866948787335,0
"3048",0.457956970529857,1
"3049",0.534805893838923,0
"3050",0.373825364612631,0
"3051",0.543858476058747,0
"3052",0.533235983777602,0
"3053",0.417239349809952,1
"3054",0.50922760910966,0
"3055",0.505866924026729,0
"3056",0.519271904922315,0
"3057",0.51496255588155,1
"3058",0.503651483533737,0
"3059",0.412934373830342,0
"3060",0.551139043077709,1
"3061",0.441189153477317,0
"3062",0.473099653897285,0
"3063",0.496794810692327,0
"3064",0.474746895839358,1
"3065",0.467113543688225,1
"3066",0.434620709020975,0
"3067",0.315214330771513,1
"3068",0.530269081152806,1
"3069",0.462680608789231,1
"3070",0.463846064581485,1
"3071",0.394416332663666,0
"3072",0.535268560120306,1
"3073",0.451394061865337,1
"3074",0.46960423259616,1
"3075",0.527996869746459,0
"3076",0.503211499878931,1
"3077",0.551764850032332,0
"3078",0.473135289705975,1
"3079",0.532977552681024,1
"3080",0.43118003746379,0
"3081",0.477641068441341,1
"3082",0.533329934890315,0
"3083",0.473202435188232,1
"3084",0.462605452946543,1
"3085",0.481143056064559,1
"3086",0.425485806522571,0
"3087",0.49321337251499,1
"3088",0.419782798625068,0
"3089",0.441323047159367,1
"3090",0.434585803418993,1
"3091",0.501097941362371,0
"3092",0.543836013586976,0
"3093",0.488647414576873,1
"3094",0.523050701391221,0
"3095",0.332961017444435,0
"3096",0.512007754532241,0
"3097",0.500770988423404,1
"3098",0.511177245464733,1
"3099",0.475203482549552,1
"3100",0.532213653436922,1
"3101",0.491852442425178,0
"3102",0.489137833186658,0
"3103",0.513189497778393,0
"3104",0.423604530615443,1
"3105",0.467587835239077,0
"3106",0.50311816573729,0
"3107",0.486446533668661,1
"3108",0.434278057434363,0
"3109",0.532036422512349,1
"3110",0.46022368877552,1
"3111",0.523315580323982,0
"3112",0.479586527046414,1
"3113",0.542418665647731,0
"3114",0.517336769810029,1
"3115",0.528740050901447,1
"3116",0.473371005031306,0
"3117",0.515839579368488,0
"3118",0.48419094328178,1
"3119",0.417178704478441,1
"3120",0.486159988281858,0
"3121",0.497073679807325,0
"3122",0.459196446509918,1
"3123",0.487972264860335,1
"3124",0.465862793574898,0
"3125",0.514529287276598,1
"3126",0.470941570565224,1
"3127",0.463159227093169,1
"3128",0.523378149357757,0
"3129",0.429914586409837,1
"3130",0.460754977143134,1
"3131",0.538011609454415,0
"3132",0.519446943364584,0
"3133",0.482539122159475,0
"3134",0.479709330627156,0
"3135",0.502440186883263,1
"3136",0.532374668579969,0
"3137",0.508998791271379,1
"3138",0.50334257807379,0
"3139",0.499375305838543,0
"3140",0.519980827249026,0
"3141",0.478279758246084,1
"3142",0.476657592779574,1
"3143",0.549348185356012,0
"3144",0.522371089501382,1
"3145",0.484842810230347,1
"3146",0.510552375958444,1
"3147",0.496851239356102,1
"3148",0.446429069581748,1
"3149",0.526081854533469,1
"3150",0.487221745049178,0
"3151",0.504842806868315,1
"3152",0.483680535041037,1
"3153",0.48927007895862,0
"3154",0.443461289986556,1
"3155",0.459769901217037,1
"3156",0.454242652031783,0
"3157",0.514980906086925,1
"3158",0.501564980623406,0
"3159",0.483017006650883,0
"3160",0.48676469982819,1
"3161",0.492551948339872,1
"3162",0.477461665479859,1
"3163",0.552538076140713,0
"3164",0.53654762385216,0
"3165",0.459005211427163,1
"3166",0.495516845649128,1
"3167",0.429455830359645,1
"3168",0.548281780459535,1
"3169",0.563172122743632,0
"3170",0.503748761714339,1
"3171",0.459299745116308,1
"3172",0.545522657712401,0
"3173",0.454395009565033,0
"3174",0.498198112451514,0
"3175",0.502849861613179,0
"3176",0.477327600236523,1
"3177",0.524625454964186,1
"3178",0.484021594953042,1
"3179",0.433430530689128,1
"3180",0.524951968862379,1
"3181",0.610572008266954,1
"3182",0.601361567021826,1
"3183",0.44098598538815,1
"3184",0.50983100942784,1
"3185",0.509331357263803,0
"3186",0.518439019275582,1
"3187",0.482128110528803,0
"3188",0.453738212100914,0
"3293",0.402647477908204,0
"3294",0.352504857157821,1
"3295",0.514006859775746,1
"3296",0.525633031130812,0
"3297",0.349666004986278,0
"3298",0.476790931092334,1
"3299",0.42634887571522,1
"3300",0.472429780061152,0
"3301",0.445510944434138,1
"3302",0.472036179279781,0
"3303",0.507695990328941,0
"3304",0.394559813644775,0
"3305",0.430243350540395,1
"3306",0.470293788665003,0
"3307",0.361712429483369,1
"3308",0.448080741489192,0
"3309",0.462555049892824,0
"3310",0.465733047345231,0
"3311",0.508726295748149,1
"3312",0.442864453879025,0
"3313",0.4370869482475,1
"3314",0.492262916041059,0
"3315",0.504504611256999,1
"3316",0.467212474928303,0
"3317",0.499208162741585,1
"3318",0.479333622453077,0
"3319",0.427258382907377,1
"3320",0.485596411144054,1
"3321",0.403843315367988,0
"3322",0.496903690213021,1
"3323",0.491541215311137,1
"3324",0.50269742807776,0
"3325",0.485550673247934,0
"3326",0.413938880425633,1
"3327",0.445390279071956,1
"3328",0.493132411890016,1
"3329",0.332676263439337,1
"3330",0.486586401128939,1
"3331",0.437601060609261,0
"3332",0.447809982004281,0
"3333",0.523070092009563,0
"3334",0.49350689284673,1
"3335",0.487316747346207,1
"3336",0.439357940615841,1
"3337",0.496355408092029,0
"3338",0.485885625510252,1
"3339",0.510779234168232,1
"3340",0.512787799589641,0
"3341",0.389081815203492,0
"3342",0.464520175670388,1
"3343",0.486578668361454,0
"3344",0.504938870238789,1
"3345",0.411189864455691,1
"3346",0.479794861877866,0
"3347",0.520875275465421,0
"3348",0.475119390540246,1
"3349",0.531191494301233,0
"3350",0.51642039114813,0
"3351",0.422236599835176,0
"3352",0.526318602690576,1
"3353",0.458926526568245,1
"3354",0.479676342365472,1
"3355",0.519204720532525,0
"3356",0.464327592615923,0
"3357",0.523143020357027,1
"3358",0.486217120852056,1
"3359",0.479490717883832,1
"3360",0.48814856341727,0
"3361",0.42429417619018,0
"3362",0.501533994447303,0
"3363",0.444568960049315,1
"3364",0.472218982357681,0
"3365",0.480143121403995,1
"3366",0.493106716344172,0
"3367",0.51780841851774,1
"3368",0.488830526001242,1
"3369",0.472961588317008,0
"3370",0.517177919849703,1
"3371",0.489023430152303,0
"3372",0.508006543815599,1
"3373",0.448779943642335,1
"3374",0.475503872272718,0
"3375",0.510121640112841,1
"3376",0.491175361803855,0
"3377",0.510525633560915,0
"3378",0.44140883063208,0
"3379",0.485798739140145,1
"3380",0.480820343488244,1
"3381",0.444948860034452,0
"3382",0.489460793953249,0
"3383",0.540439036253584,0
"3384",0.483710384723769,1
"3385",0.487651408514333,0
"3386",0.462470482316437,1
"3387",0.535757389250848,0
"3388",0.445089802598734,1
"3389",0.487615103622017,1
"3390",0.530223723580862,0
"3391",0.451837940885298,1
"3392",0.479946768508999,1
"3393",0.487867928297387,1
"3394",0.436423668074478,1
"3395",0.490518833948575,1
"3396",0.53346262039189,1
"3397",0.53613686184124,0
"3398",0.462659549254171,0
"3399",0.496069962173794,0
"3400",0.541327075657743,1
"3401",0.498971344102467,1
"3402",0.521766535568686,0
"3403",0.507677615324639,0
"3404",0.490733048758976,1
"3405",0.506679198757171,1
"3406",0.517049264790564,0
"3407",0.555563101615295,1
"3408",0.492755072526223,0
"3409",0.507668413000596,1
"3410",0.468199295088989,1
"3411",0.540081396138125,0
"3412",0.508657101354393,1
"3413",0.56533768729066,0
"3414",0.487452408999296,0
"3415",0.521772506137835,0
"3416",0.482806660062561,0
"3417",0.540661771400554,0
"3418",0.477907895282829,1
"3419",0.528341932137075,0
"3420",0.561457827577776,0
"3421",0.486300896533258,1
"3422",0.452025400239752,1
"3423",0.497176950094956,1
"3424",0.504472286518999,0
"3425",0.506320337868373,0
"3426",0.484835486350889,1
"3427",0.57607706744654,0
"3428",0.505874872021242,1
"3429",0.480134182232942,1
"3430",0.501015309042055,1
"3431",0.513230039618779,1
"3432",0.510494830826611,0
"3433",0.503410871946547,1
"3434",0.537618097359595,0
"3435",0.461151215581593,1
"3436",0.503781871099358,0
"3437",0.479904537917864,1
"3438",0.513408161777455,1
"3439",0.567112424825908,1
"3440",0.419055846065427,1
"3441",0.419523143661174,1
"3442",0.472503482012595,1
"3443",0.465354643609047,1
"3444",0.49252548182374,1
"3445",0.580830565206435,1
"3446",0.443413994613975,1
"3447",0.515839251650602,1
"3448",0.512471219780285,0
"3449",0.424085456165436,0
"3450",0.544703274093725,1
"3451",0.473613842342346,1
"3452",0.4389835445013,1
"3453",0.531918057458528,0
"3454",0.436104590525856,0
"3455",0.516566201708469,0
"3563",0.543607058133125,0
"3564",0.470203464960304,1
"3565",0.333415258930292,0
"3566",0.403638638040716,1
"3567",0.433008405740119,1
"3568",0.509254493992003,0
"3569",0.451339341081953,1
"3570",0.458885463824379,1
"3571",0.438401362961336,1
"3572",0.415142592764738,1
"3573",0.408204141370389,1
"3574",0.531440196611413,0
"3575",0.542424680993867,0
"3576",0.475378164489586,1
"3577",0.508196580031573,0
"3578",0.471128141021122,1
"3579",0.494383544050621,1
"3580",0.454782108021096,1
"3581",0.46072962571512,0
"3582",0.436389430391159,1
"3583",0.399606099554616,1
"3584",0.507635809040241,0
"3585",0.446267993356975,1
"3586",0.376631019997873,1
"3587",0.527380898460599,0
"3588",0.500414153499463,0
"3589",0.46012584543156,1
"3590",0.455140528393561,0
"3591",0.390172995533406,0
"3592",0.466495979000482,0
"3593",0.489558042399988,1
"3594",0.499847995765467,1
"3595",0.459833882133223,0
"3596",0.480694694410033,1
"3597",0.479765570110596,0
"3598",0.433672339013323,0
"3599",0.482476143483112,1
"3600",0.487231464523565,0
"3601",0.473592892128412,1
"3602",0.484663859760843,1
"3603",0.506476023294268,0
"3604",0.471218527138985,0
"3605",0.396112719807613,1
"3606",0.413485061735126,1
"3607",0.48682261837445,1
"3608",0.500958378300716,1
"3609",0.48094577709304,0
"3610",0.434726948964994,1
"3611",0.482547105457556,1
"3612",0.442338526234493,1
"3613",0.494765355006895,1
"3614",0.500293903500256,1
"3615",0.522461922428905,1
"3616",0.498144787406218,1
"3617",0.496085455263413,1
"3618",0.405120847376438,0
"3619",0.457066640575359,0
"3620",0.501717113222011,0
"3621",0.479421704901225,0
"3622",0.49331113993885,0
"3623",0.496624457174919,1
"3624",0.416440711177255,0
"3625",0.502844057635989,0
"3626",0.476426010231582,1
"3627",0.490483430543819,1
"3628",0.487612866532454,0
"3629",0.453116653542359,0
"3630",0.490257290026808,1
"3631",0.512252967314533,0
"3632",0.451338536538002,1
"3633",0.490556887189254,1
"3634",0.436974684735761,1
"3635",0.421471643199091,0
"3636",0.466777338057531,0
"3637",0.452912361285845,1
"3638",0.466892233569915,1
"3639",0.495252895868611,0
"3640",0.443427769285086,1
"3641",0.447808576172612,1
"3642",0.447122235424447,1
"3643",0.496603646596309,0
"3644",0.498850354685674,0
"3645",0.467590579852429,0
"3646",0.508931335174803,0
"3647",0.484667684619182,1
"3648",0.488050866374927,1
"3649",0.526767119773104,1
"3650",0.470292315451197,1
"3651",0.529836941308501,1
"3652",0.489400841236043,1
"3653",0.499905206770726,1
"3654",0.499747475160552,0
"3655",0.512990573358142,1
"3656",0.491768485215372,0
"3657",0.497825494533769,1
"3658",0.502445738560252,1
"3659",0.446123480830701,1
"3660",0.483138398046705,1
"3661",0.452720547908048,1
"3662",0.479455673970442,1
"3663",0.470094466950206,1
"3664",0.446329894660493,0
"3665",0.491494492552263,0
"3666",0.535988167421478,1
"3667",0.523196978632054,0
"3668",0.517733394887498,1
"3669",0.508499157739435,1
"3670",0.491333590719267,0
"3671",0.459710028259249,0
"3672",0.542514166741899,1
"3673",0.516989256094623,1
"3674",0.533247418024176,0
"3675",0.513669882260311,1
"3676",0.479687446446983,0
"3677",0.501641229306349,0
"3678",0.447900083528031,1
"3679",0.515248074701282,0
"3680",0.520351189625683,1
"3681",0.49586966799016,1
"3682",0.451500012205774,0
"3683",0.544339205542376,1
"3684",0.553762849880146,0
"3685",0.472426871584317,0
"3686",0.465341940700337,0
"3687",0.461821893304724,1
"3688",0.541868755851406,1
"3689",0.463979819505388,0
"3690",0.505313691222191,0
"3691",0.508417418651425,0
"3692",0.496157323665148,1
"3693",0.448592719859587,0
"3694",0.482728108368063,1
"3695",0.499918427205958,1
"3696",0.571414352756985,0
"3697",0.502069734152063,0
"3698",0.533845229157313,1
"3699",0.486348321850135,1
"3700",0.528085951157755,1
"3701",0.49632961731697,1
"3702",0.521411483571151,1
"3703",0.492505825637085,1
"3704",0.543356940203272,0
"3705",0.50133857798068,1
"3706",0.523970263996493,1
"3707",0.495511901086692,1
"3708",0.55129575824239,0
"3709",0.475028121524215,1
"3710",0.524033089074328,0
"3711",0.582177266314599,0
"3712",0.516438081465133,1
"3713",0.434567509711473,0
"3714",0.498144167933055,0
"3715",0.487101330570892,0
"3716",0.465629903402646,1
"3717",0.501359946297854,1
"3718",0.496681069196577,0
"3719",0.460992099051188,1
"3720",0.543567840064956,1
"3721",0.491864977812383,1
"3722",0.485886834470733,0
